,Cod_Loc,IdProvincia,IdDepartamento,Categoria,Provincia,Departamento,Localidad,Nombre,Domicilio,Piso,CP,cod_area,Teléfono,Mail,Web,Pantallas,Butacas,espacio_INCAA
0,10049030,10,10049,Salas de cine,Catamarca,Capital,Catamarca,Cinemacenter,Intendente Mamerto Medina 220,s/d,4700,s/d,s/d,s/d,http://www.cinemacenter.com.ar/,5,743,
1,10091150,10,10091,Salas de cine,Catamarca,Santa Maria,Santa María,Centro Cultural San Agustín,San Martin 173,s/d,4139,3838,421511,s/d,s/d,1,440,0
2,22140060,22,22140,Salas de cine,Chaco,San Fernando,Resistencia,Los Cines De La Costa,Av. Sarmiento 2600,s/d,3500,3794,472200,administracion@loscinesdelacosta.com.ar,http://resistencia.loscinesdelacosta.com.ar/,5,820,
3,26091020,26,26091,Salas de cine,Chubut,Sarmiento,Sarmiento,Deborah Jones De Williams,Reg. Inf. Mec. 25 Esquina 20 De Junio,s/d,9020,297,4897169,culturasarmiento@hotmail.com,http://www.culturachubut.gob.ar/…/convo-evita-culturales.ht…,1,80,
4,18007010,18,18007,Salas de cine,Corrientes,Bella Vista,Bella Vista,Fantasio,Salta 1059,s/d,3432,s/d,s/d,nuevocineteatrorex@gmail.com,https://www.facebook.com/CineFantasioBellaVista/,1,240,
5,30056070,30,30056,Salas de cine,Entre Ríos,Gualeguaychu,Gualeguaychú,Cinema Gualeguaychú,25 De mayo 1383,s/d,2820,263,4553653,cebriancine@gmail.com,http://cinemagualeguaychu.com,1,330,
6,30084070,30,30084,Salas de cine,Entre Ríos,Parana,Crespo,Salón Teatro Municipal,25 De mayo 0943,s/d,3116,343,4951160,municres@gmail.com,http://www.crespo.gov.ar,1,180,
7,30028010,30,30028,Salas de cine,Entre Ríos,Federacion,Chajarí,Cine Gran Libertad,3 De febrero 3060,s/d,3228,11,49899707,gerenciagranlibertad@gmail.com,http://cinegranlibertad.com/sala/gran-libertad/alias/chaj,1,400,
8,30084160,30,30084,Salas de cine,Entre Ríos,Parana,Paraná,Cine Complejo Círculo,Andres Pazos 339,s/d,3100,343,4233222,v-vieiro@hotmail.com,https://www.cinecirculo.com.ar/,2,300,
9,30008020,30,30008,Salas de cine,Entre Ríos,Colon,Colón,Starlight,Calle 12 De Abril 287,s/d,3280,3447,424481,samanthaeventos@hotmail.com,https://www.facebook.com/pg/StarlightCineColon/about/?ref=page_internal,2,154,
10,30049040,30,30049,Salas de cine,Entre Ríos,Gualeguay,Gualeguay,Altos Del Gualeguay,Rocamora 33,s/d,2840,3444,453306,legales@nefroargentina.com.ar,https://www.facebook.com/pg/CineAltosDeGualeguay/about/?ref=page_internal,1,198,
11,38094050,38,38094,Salas de cine,Jujuy,Tilcara,Tilcara,Barbarita Cruz,Belgrano 547,s/d,4624,388,4955462,musica@imagine.com.ar,https://capectilcara.com/,1,120,si
12,38021060,38,38021,Salas de cine,Jujuy,Dr. Manuel Belgrano,San Salvador de Jujuy,Cine Auditorium,Independencia Esq. Italia S/N,s/d,4600,388,4632908,cineauditoriumjujuy@gmail.com,https://www.facebook.com/CineAuditoriumJujuyINCAAMercosur/,1,201,
13,42007010,42,42007,Salas de cine,La Pampa,Atreuco,Doblas,Centro Cultural Doblas,Cordoba 670,s/d,6305,2953,492102,culturaydeportedoblas@cosedo.com.ar,s/d,1,114,
14,42021020,42,42021,Salas de cine,La Pampa,Capital,Santa Rosa,Milenium,Escalante 270,s/d,6300,295,4773833,cineamadeus@yahoo.com.ar,https://www.facebook.com/pages/Cine-Milenium/321221581543378,1,352,
15,46042010,46,46042,Salas de cine,La Rioja,Chilecito,Chilecito,Cinema,La Plata Y 19 De Febrero,s/d,5360,380,4626907,ericontadoralinares@gmail.com,http://cinema3dlarioja.com/,2,216,
16,54077060,54,54077,Salas de cine,Misiones,Libertador Grl. San Martin,Puerto Rico,Cine Teatro Municipal San Martin,Av. San Martin 1474,s/d,3334,3743,422400,cultura.puertoricomnes@gmail.com,https://www.facebook.com/Cine-Teatro-San-Martin-Puerto-Rico-Misiones-611780998973270/,1,520,
17,54063030,54,54063,Salas de cine,Misiones,Iguazu,Puerto Iguazú,Cine Panoramic Grand,Paraguay 372,s/d,3370,3757,498100,s/d,http://www.panoramicgrand.com,1,40,
18,54028030,54,54028,Salas de cine,Misiones,Capital,Posadas,Del Conocimiento,Ruta 12 Y Acceso Oeste (Av. Ulises Lopez),s/d,3300,3764,191010,info@imaxdelconocimiento.com,https://www.parquedelconocimiento.com/,1,546,si
19,66049040,66,66049,Salas de cine,Salta,General Guemes,General Guemes,Centro Cultural 13 De Febrero,20 De Febrero Esq. Gorriti,s/d,4430,3874,496276,cine13defebrero2013@outlook.com,https://www.facebook.com/Centro-Cultural-13-de-Febrero-Cine-teatro-962533320483179/,1,252,
20,66028050,66,66028,Salas de cine,Salta,Capital,Salta,El Teatrino,Aniceto Latorre 1211,s/d,4400,387,4228904,industriaculturalsrl@gmail.com,http://www.elteatrino.com/,1,120,
21,66028050,66,66028,Salas de cine,Salta,Capital,Salta,Cinemark,Av. Monseñor Tavella 4400,s/d,4400,s/d,57771000,lventura@cinemark.com.ar,https://www.cinemarkhoyts.com.ar,5,897,
22,66028050,66,66028,Salas de cine,Salta,Capital,Salta,Fundación Salta,General Guemes 434,s/d,4400,387,4320481,correofundacionsalta@gmail.com,http://www.distritoteatralsalta.com/espacio/teatro-de-la-fundacion-salta/,1,145,
23,70028010,70,70028,Salas de cine,San Juan,Capital,San Juan,Espacio San Juan,Av. Jose Ignacio De La Roza Oeste 806,s/d,5417,264,4238611,cpohl@cpmcines.com,http://www.espaciosanjuan.com/,5,849,
24,74049060,74,74049,Salas de cine,San Luis,Junin,Merlo,Cinestar,Av. Del Sol 1120,s/d,5881,2664,475660,campos_horacio@yahoo.com.ar,https://www.facebook.com/CineStarMerlo/,1,100,
25,74056150,74,74056,Salas de cine,San Luis,La Capital,San Luis,Municipal José La Vía,Av. Lafinur Y Av. Illia S/N,s/d,5700,2664,403539,elartenlaescuela@gmail.com,https://www.ciudaddesanluis.gov.ar/,1,75,
26,78021040,78,78021,Salas de cine,Santa Cruz,Guer Aike,Río Gallegos,Cine Rio Gallegos,Av. Nestor Kirchner 1142,s/d,9400,2966,423753,socin@hotmail.com,http://www.cineriogallegos.com.ar/,3,290,
27,78049020,78,78049,Salas de cine,Santa Cruz,Rio Chico,Gobernador Gregores,Cine Municipal,Av. San Martin 514,s/d,9311,2962,491228,s/d,http://www.santacruz.gob.ar,1,80,
28,86147130,86,86147,Salas de cine,Santiago del Estero,Rio Hondo,Termas de Río Hondo,Atlas Cine,Bolivar 15,s/d,4220,11,55290375,rabdenur@gmail.com,http://www.santacruz.gob.ar,1,233,
29,86119100,86,86119,Salas de cine,Santiago del Estero,Moreno,Quimili,Cine Teatro,Rivadavia 553,s/d,3740,3843,402187,sixtomadiaz@hotmail.com,https://www.municipalidaddequimili.gob.ar/,1,136,
30,90084010,90,90084,Salas de cine,Tucumán,Capital,San Miguel de Tucumán,Atlas Cine,Av. Brigido Teran 250,s/d,4000,11,55290375,rabdenur@gmail.com,cineatlasweb.com.ar,2,219,
31,82049020,82,82049,Salas de cine,Santa Fe,General Obligado,Avellaneda,Luna De Avellaneda,Av. San Martin 810,s/d,3561,3482,598468,gscarel@estudioscarel.com.ar,http://www.cinelunadeavellaneda.com,1,299,
32,82070050,82,82070,Salas de cine,Santa Fe,Las Colonias,Esperanza,E-Max Cines,Brigadier Lopez 1471,s/d,3080,3496,420947,martin739@gmail.com,http://www.e-max.com.ar,3,584,
33,82021310,82,82021,Salas de cine,Santa Fe,Castellanos,Rafaela,Las Tipas Boulevard,C. Conscripto Zurbriggen 865,s/d,2300,3562,405750,admin@lastipasboulevard.com.ar,www.lastipasrafaela.com.ar/,4,920,
34,82063170,82,82063,Salas de cine,Santa Fe,La Capital,Santa Fe,Centro Cultural Prov. Francisco Paco Urondo,Junin 2457,s/d,3000,342,4573735,cencultu@yahoo.com.ar,https://es-la.facebook.com/ccpacourondo/,1,800,
35,82021360,82,82021,Salas de cine,Santa Fe,Castellanos,Sunchales,Auditorio,Ruta 34 Km 262,s/d,2322,3493,454542,infocet@atilra.org.ar,https://www.ate.org/listado_agenda/seccion/3/zona/26/cine-auditorio-ate.html,1,305,
36,50049050,50,50049,Salas de cine,Mendoza,Las Heras,Las Heras,Tadicor Las Heras,Juan Dragui Lucero 1450,s/d,5539,351,4864350,pcavallero@tadicor.com,http://www.tadicor.com/Cines.php,2,284,
37,50098100,50,50098,Salas de cine,Mendoza,San Martin,San Martín,Tadicor San Martin,Lateral Sur Ruta Nacional 7 Sin Nro,s/d,5570,351,4864350,pcavallero@tadicor.com,htpp:/www.tadicor.com sección cines,2,302,
38,14182060,14,14182,Salas de cine,Córdoba,Union,Bell Ville,Sudcinemas,Mitre 61,s/d,5900,353,422337,sudcinemas@arnetbiz.com.ar,http://sudcinemas.com.ar/cine-wp/cine/bellville/,2,324,
39,14014010,14,14014,Salas de cine,Córdoba,Capital,Córdoba,Dinosaurio Mall 60 Cuadras,Av. Circunvalacion Agustin Tosco 4552,s/d,5014,3515,261500,s/d,https://www.cinesdinomall.com.ar/,2,307,
40,14098110,14,14098,Salas de cine,Córdoba,Rio Cuarto,Elena,Cine Teatro Coop Luz Y Fuerza,Mitre 31,s/d,5815,358,4881249,rboatti@coopluzelena.com.ar,"https://www.facebook.com › Places › Elena, Cordoba, Argentina › Movie Theater",1,279,
41,14161110,14,14161,Salas de cine,Córdoba,Tercero Arriba,Oliva,Cine Cooperativo,Colon 301,s/d,5980,3532,410000,administracion@coop-oliva.com.ar / sofia santolin@coop-oliva,http://coop-oliva.com.ar/,1,200,
42,14098230,14,14098,Salas de cine,Córdoba,Rio Cuarto,Río Cuarto,Cines Del Paseo,Av. Mugnaini Y Sobremonte,s/d,5800,358,4621235,riocuarto@cinesdelpaseo.com.ar,http://cba.gov.ar,4,955,
43,14098230,14,14098,Salas de cine,Córdoba,Rio Cuarto,Río Cuarto,Centro Cultural Leonardo Favio,Buenos Aires 55,s/d,5800,358,4676836,gamolayoli@hotmail.com,http://www.cba.gov.ar/,1,219,
44,14021250,14,14021,Salas de cine,Córdoba,Colon,Salsipuedes,Dinosaurio Mall,Av. Sarmiento 1007,s/d,5113,3515,261500,cluduena@grupodinosaurio.com,http://www.cinesdinomall.com.ar,2,322,
45,14014010,14,14014,Salas de cine,Córdoba,Capital,Villa Rivera Indarte,Sunstar,Ricardo Rojas 9200,s/d,5008,3543,446300,gerente.cordoba@cinesunstar.com,http://www.cinesunstar.com/,6,1398,
46,2000010,2,2000,Salas de cine,Ciudad Autónoma de Buenos Aires,Ciudad Autonoma de Buenos Aires,Ciudad Autónoma de Buenos Aires,Centro Cultural Rector Ricardo Rojas,Av. Corrientes 2038,s/d,1045,s/d,49535405,gabriel.guralnik@gmail.com,http://www.rojas.uba.ar/,2,250,
47,2000010,2,2000,Salas de cine,Ciudad Autónoma de Buenos Aires,Ciudad Autonoma de Buenos Aires,Ciudad Autónoma de Buenos Aires,Atlas Cine,Av. Del Libertador 750,s/d,1001,s/d,43135050,info@atlascines.com.ar,cineatlasweb.com.ar,3,585,
48,2000010,2,2000,Salas de cine,Ciudad Autónoma de Buenos Aires,Ciudad Autonoma de Buenos Aires,Ciudad Autónoma de Buenos Aires,Cine Amigos Del Bellas Artes,Av. Pte. Figueroa Alcorta 2280,s/d,1425,s/d,48034062,fwhite@aamnba.org.ar,https://www.facebook.com/pg/amigosdelbellasartes/about/?ref=page_internal,1,235,
49,2000010,2,2000,Salas de cine,Ciudad Autónoma de Buenos Aires,Ciudad Autonoma de Buenos Aires,Ciudad Autónoma de Buenos Aires,Cine Teatro Gran Rivadavia,Av. Rivadavia 8636,s/d,1407,s/d,46741300,paula@granrivadavia.com.ar,http://www.granrivadavia.com.ar/inicio/,1,1494,si
50,2000010,2,2000,Salas de cine,Ciudad Autónoma de Buenos Aires,Ciudad Autonoma de Buenos Aires,Ciudad Autónoma de Buenos Aires,Atlas Cine,Jeronimo Salguero 3172,s/d,1425,s/d,43135050,info@atlascines.com.ar,cineatlasweb.com.ar,3,432,
51,2000010,2,2000,Salas de cine,Ciudad Autónoma de Buenos Aires,Ciudad Autonoma de Buenos Aires,Ciudad Autónoma de Buenos Aires,Hoyts,Melian 4880,s/d,1430,s/d,57771000,rmazzutti@hoyts.com.ar,https://www.cinemarkhoyts.com.ar/,10,1918,
52,2000010,2,2000,Salas de cine,Ciudad Autónoma de Buenos Aires,Ciudad Autonoma de Buenos Aires,Ciudad Autónoma de Buenos Aires,Cinain,Moreno 1199,s/d,1091,s/d,43836432,fernandomadedo@cinain.gob.ar,http://cinain.gob.ar/,2,212,
53,2000010,2,2000,Salas de cine,Ciudad Autónoma de Buenos Aires,Ciudad Autonoma de Buenos Aires,Ciudad Autónoma de Buenos Aires,Cinema Devoto,Quevedo 3365,s/d,1417,s/d,40196019,mlopez@cinemadevoto.com.ar,https://cinemadevoto.com.ar/,8,1908,
54,2000010,2,2000,Salas de cine,Ciudad Autónoma de Buenos Aires,Ciudad Autonoma de Buenos Aires,Ciudad Autónoma de Buenos Aires,Centro Cultural Borges,Viamonte 525,Piso 3,1005,s/d,55555358,dpetchersky@yahoo.com.ar,https://www.ccborges.org.ar/,1,160,
55,6882050,6,6882,Salas de cine,Buenos Aires,Zarate,Zarate,Cine Teatro Coliseo,19 De marzo 0314,s/d,2800,11,65992021,maquintero78@gmail.com,https://es-la.facebook.com/ZarateCineTeatroColiseo/,1,300,
56,6441030,6,6441,Salas de cine,Buenos Aires,La Plata,La Plata,Cine Municipal Ecoselect,19 Y 51,Piso 2,1900,221,4248733,cineylocacioneslaplata@gmail.com,http://www.cultura.laplata.gov.ar,1,60,SI
57,6357110,6,6357,Salas de cine,Buenos Aires,General Pueyrredon,Mar del Plata,Cinemacenter,Alberti 1610,s/d,7600,11,52180400,gzamora@cinemacenter.com.ar,http://www.cinemacenter.com.ar/,6,1121,
58,6714060,6,6714,Salas de cine,Buenos Aires,Salto,Salto,Cervantes,Alvear 65,s/d,2741,2474,551096,j.burgos.ceres@hotmail.com,http://saltoyvos.com/tag/cine_cervantes/,1,220,
59,6035010,6,6035,Salas de cine,Buenos Aires,Avellaneda,Avellaneda,Village,Autopista Bs. As. - La Plata Km 6,s/d,1870,s/d,51282828,village.avellaneda@village.com.ar,http://facebook.com/cinecervantes3d,16,3485,
60,6035010,6,6035,Salas de cine,Buenos Aires,Avellaneda,Avellaneda,Carlos Carella,Av. Galicia 401,s/d,1870,11,37608002,edulabce@hotmail.com,www.unica-cartelera.com.ar/teatros/259-sala-carlos-carella,1,45,
61,6490010,6,6490,Salas de cine,Buenos Aires,Lomas de Zamora,Lomas de Zamora,Cine Teatro Español Lomas De Zamora,Av. Hipolito Yrigoyen 9070,s/d,1832,s/d,42430381,lomasteatroespanol@gmail.com,https://www.facebook.com/cineteatroespanol/,1,522,SI
62,6539010,6,6539,Salas de cine,Buenos Aires,Merlo,San Antonio de Padua,Village,Av. Juan Domingo Peron 24056,s/d,1718,s/d,51688888,village.merlo@village.com.ar,https://www.villagecines.com/,6,1315,
63,6840010,6,6840,Salas de cine,Buenos Aires,Tres de Febrero,Santos Lugares,Cine Teatro Ocean,Av. La Plata 3530,s/d,1676,s/d,47579861,inoya@tresdefebrero.gov.ar,https://www.tresdefebrero.gov.ar/noticias/cultura-y-educacin/reinauguracion-del-cine-teatro-ocean/,1,271,
64,6014010,6,6014,Salas de cine,Buenos Aires,Adolfo Gonzales Chaves,Gonzales Chaves,Cine Coliseo,Av. San Martin 235,Piso 1,7513,2983,481740,sespagch@hotmail.com,https://www.facebook.com/pg/ZarateCineTeatroColiseo/about/?ref=page_internal,1,250,SI
65,6105060,6,6105,Salas de cine,Buenos Aires,Bolivar,Bolivar,María Esther Chiquita Domeño,Av. San Martin 642,s/d,6550,2314,480184,analia.carbajo@live.com,s/d,1,256,SI
66,6861010,6,6861,Salas de cine,Buenos Aires,Vicente Lopez,Munro,Centro Cultural Municipal Munro,Av. Velez Sarsfield 4650,s/d,1605,s/d,47971162,york.cultura@vicentelopez.gov.ar,https://www.vicentelopez.gov.ar/modernizacion/punto-de-interes/3-centro-cultural-munro,1,540,
67,6408010,6,6408,Salas de cine,Buenos Aires,Hurlingham,Hurlingham,Centro Cultural Leopoldo Marechal,Av. Vergara 2396,s/d,1686,s/d,s/d,s/d,https://www.facebook.com/pages/Centro-Cultural-Leopoldo-Marechal-Hurlingham/297621827101262,1,600,
68,6525020,6,6525,Salas de cine,Buenos Aires,Marcos Paz,Marcos Paz,Cine Teatro Roma,Avellaneda 1950,s/d,1727,220,4776523,cine@marcospaz.gov.ar,https://www.facebook.com/pg/cinemarcospaz/about/?ref=page_internal,1,350,
69,6371010,6,6371,Salas de cine,Buenos Aires,General San Martin,Villa Ballester,José Hernández,Balcarce 2973,s/d,1653,s/d,47675752,soteras_jh_am@hotmail.com,https://www.facebook.com/pg/CineTeatroSalaJoseHernandez/about/?ref=page_internal,1,660,
70,6568010,6,6560,Salas de cine,Buenos Aires,Moreno,El Palomar,Cine Teatro Helios,Boulevard San Martin 3076,s/d,1684,s/d,47518647,produccion@cineteatrohelios.com.ar,https://www.cinesargentinos.com.ar/horarios/c:733:cine-teatro-helios/,1,349,SI
71,6441030,6,6441,Salas de cine,Buenos Aires,La Plata,La Plata,Taller De Teatro - UNLP,Calle 10 1076,s/d,1900,221,6239105,proyeccionesterrestres@gmail.com,https://www.facebook.com/pg/Clases-de-Teatro-La-Plata-124851047580248/about/?ref=page_internal,1,100,
72,6063010,6,6063,Salas de cine,Buenos Aires,Balcarce,Balcarce,Cine Paris Balcarce,Calle 18 684,s/d,7620,2266,421703,complejoparis1@gmail.com,https://web.ultracine.com/nueva-sala-cine-paris-de-balcarce/,1,272,
73,6294050,6,6294,Salas de cine,Buenos Aires,General Arenales,General Arenales,Cine Teatro Roma,Castelli 152,s/d,6005,2353,460583,mutualafc@yahoo.com.ar,https://www.facebook.com/pages/Cine-Teatro-Roma-General-Arenales/286484061815736,1,208,
74,6420020,6,6420,Salas de cine,Buenos Aires,La Costa,San Bernardo,Cine Teatro Arenas,Chiozza 1776,s/d,7111,2257,460050,s/d,https://www.facebook.com/pg/Cine-Teatro-Arenas-3D-San-Bernardo-309783435805259/about/?ref=page_internal,3,1358,
75,6595070,6,6595,Salas de cine,Buenos Aires,Olavarria,Olavarría,Cine Paris,General Paz 2720,s/d,7400,2284,417751,complejoparis1@gmail.com,http://www.cineparis.com.ar,2,383,
76,6042010,6,6042,Salas de cine,Buenos Aires,Ayacucho,Ayacucho,Hugo Del Carril,Irigoyen 941,s/d,7150,2296,454949,isaiasalgañaraz@gmail.com,https://www.facebook.com/pages/category/Government-Organization/Direcci%C3%B3n-de-Cultura-Ayacucho-1677928362483344/,1,385,
77,6413050,6,6413,Salas de cine,Buenos Aires,Junin,Junín,Tu Cine,Jorge Newbery 263,s/d,6000,2364,422299,condor@dimarcointernacional.com,http://www.tucine.com.ar,3,453,
78,6861010,6,6861,Salas de cine,Buenos Aires,Vicente Lopez,Olivos,Centro Cultural York,Juan Bautista Alberdi 895,s/d,1636,s/d,47119213,york.cultura@vicentelopez.gov.ar,https://www.facebook.com/cineteatroyorkolivos,1,280,
79,6568010,6,6568,Salas de cine,Buenos Aires,Moron,Morón,Hoyts,Juan Manuel De Rosas 658,s/d,1744,s/d,54441000,rmazzutti@hoyts.com.ar,https://www.cinemarkhoyts.com.ar/,8,1865,
80,6638040,6,6638,Salas de cine,Buenos Aires,Pilar,Pilar,Multiplex,Las Magnolias 754,Piso 1,1629,230,4384812,ssomma@cinesmultiplex.com.ar,https://www.multiplex.com.ar/,9,1407,
81,6497060,6,6497,Salas de cine,Buenos Aires,Lujan,Luján,Cinema Rosso,Lavalle 410,s/d,6700,2323,423954,cinema-rosso@hotmail.com,www.cinemarossolujan.com/,2,197,
82,6588100,6,6588,Salas de cine,Buenos Aires,9 de julio,9 de julio,El Cine De La Biblioteca,Mendoza Y San Martin 991,s/d,6500,2317,457354,waltermarini@msn.com,https://www.facebook.com/bibliotecapopularjingenieros/about/,1,90,
83,6658010,6,6658,Salas de cine,Buenos Aires,Quilmes,Quilmes,Cine Teatro Municipalidad De Quilmes,Mitre 721,s/d,1878,s/d,42532213,incaaquilmes@gmail.com,https://www.facebook.com/INCAAQuilmes/,1,415,si
84,6182030,6,6182,Salas de cine,Buenos Aires,Coronel de Marina L. Rosales,Punta Alta,Cinema Colon,Rivadavia 459,s/d,8109,11,68643237,k.jana@cinemacolon.com.ar,http://www.cinemacolon.com.ar,1,390,
85,6595070,6,6595,Salas de cine,Buenos Aires,Olavarria,Olavarría,Flix Olavarría,Rivadavia 4730,s/d,7400,2281,444411,flix.olavarria@gmail.com,http://olavarria.flixcinema.com.ar/,2,660,
86,6826010,6,6826,Salas de cine,Buenos Aires,Trenque Lauquen,Beruti,Cine Club La Luisa,San Martin 455,s/d,6424,2392,491112,deñegacionberuti@yahoo.com.ar / bttinaty@yahoo.com.ar,s/d,1,310,
87,6826040,6,6826,Salas de cine,Buenos Aires,Trenque Lauquen,30 De agosto,Cine Teatro Santa Rosa De Lima,Santa Rosa De Lima 170,s/d,6405,2392,471739,comprasente30deagosto@cetl.com.ar,https://www.trenquelauquen.gov.ar/noticias/30-de-agosto-funciones-en-el-cine-santa-rosa/,1,410,
88,6861010,6,6861,Salas de cine,Buenos Aires,Vicente Lopez,Munro,Lumiton,Sargento Cabral 2354,s/d,1605,s/d,45806236,lumiton.usina@gmail.com,https://www.instagram.com/lumiton_usina/,1,30,
89,6028010,6,6028,Salas de cine,Buenos Aires,Almirante Brown,Adrogué,Cinemas Paseo Adrogué,Segui 699,s/d,1846,s/d,42140763,s/d,https://www.fandango.lat/ar/cines/cpm-cinemas-paseo-adrogue-190321-191200,4,710,
90,6840010,6,6840,Salas de cine,Buenos Aires,Tres de Febrero,Caseros,Cine Teatro Paramount,Tres De Febrero 2561,s/d,1678,s/d,47501438,inoya@tresdefebrero.gov.ar,https://www.tresdefebrero.gov.ar/tema/cine-teatro-paramount/,2,645,SI
91,10049030,10,10049,Salas de cine,Catamarca,Capital,Catamarca,Cinemacenter,Av. Guemes 850,s/d,4700,3833,4423040,centercatamarca@cinemacenter.com.ar,http://www.cinemacenter.com.ar/,5,914,
92,22140060,22,22140,Salas de cine,Chaco,San Fernando,Resistencia,Espacio Incaa Guido Miranda,Colón 164,s/d,3500,3624,4810748,lagomecita@hotmail.com,http://www.ecomchaco.com.ar/guidomiranda/default.htm,1,167,si
93,22140060,22,22140,Salas de cine,Chaco,San Fernando,Resistencia,Cinemacenter,Av. Lavalle 826,s/d,3500,3624,415999,centeravalos@cinemacenter.com.ar,http://www.cinemacenter.com.ar/,5,792,
94,22140060,22,22140,Salas de cine,Chaco,San Fernando,Resistencia,Cinemacenter,Av. Dr. Sabin Y Av. Nicolas Avellaneda,s/d,3500,3722,446554,centerresistencia@cinemacenter.com.ar,http://www.cinemacenter.com.ar/,3,690,
95,26007020,26,26007,Salas de cine,Chubut,Biedma,Puerto Madryn,Cine Teatro Auditorium,28 De julio 0129,s/d,9120,2804,455653,auditorium@madryn.com,http://www.cinemadryn.com/,2,486,
96,26035060,26,26035,Salas de cine,Chubut,Futaleufu,Trevelin,Espacio INCAA Trevelin,28 De julio 0414,s/d,9203,2945,480145,culturatrevelin@gmail.com,https://cines.com/argentina/espacio-incaa-trevelin/,1,150,si
97,26077040,26,26077,Salas de cine,Chubut,Rawson,Trelew,Espacio INCAA Km 1460,9 De julio 0655,s/d,9100,280,4969388,donato.enrique@hotmail.com,https://www.facebook.com/pg/Sala-Incaa-Km-1460-Trelew-197525007014521/about/?ref=page_internal,1,100,si
98,26035030,26,26035,Salas de cine,Chubut,Futaleufu,Esquel,Auditorio Municipal De Esquel,Belgrano 330,s/d,9200,11,5081526,coordinacioncultura@yahoo.com.ar,https://www.facebook.com/CulturaEsquel/,1,243,
99,26077040,26,26077,Salas de cine,Chubut,Rawson,Trelew,Coliseo,Belgrano 375,Piso 1,9100,2804,425300,delcoliseosa@speedy.com.ar,https://www.facebook.com/Cine-Coliseo-Trelew-262482040443290/,1,380,
100,26077030,26,26077,Salas de cine,Chubut,Rawson,Rawson,Centro Cultural José Hernández,Dr. Jorge Galina S/N,s/d,9103,2804,485564,cinerawsonchubut2014@gmail.com,https://www.facebook.com/media/set/?set=a.910604218955417.1073743674...type...,1,400,si
101,26021030,26,26021,Salas de cine,Chubut,Escalante,Comodoro Rivadavia,Cine Coliseo,San Martin 570,s/d,9000,297,6210242,cinecr@speedy.com.ar,https://www.cinesargentinos.com.ar/horarios/c:511:coliseo-comodoro-rivadavia-/,1,380,
102,26021030,26,26021,Salas de cine,Chubut,Escalante,Comodoro Rivadavia,Cine Teatro Español,San Martin 668,s/d,9000,297,6245762,cinecr@speedy.com.ar,http://www.cinecr.com.ar,1,463,si
103,18021020,18,18021,Salas de cine,Corrientes,Capital,Corrientes,Los Cines De La Costa,Av. Centenario 3535,s/d,3400,3794,472200,centenario@loscinesdelacosta.com.ar,http://shopping.loscinesdelacosta.com.ar/index.php,4,562,
104,18021020,18,18021,Salas de cine,Corrientes,Capital,Corrientes,Cinemacenter,Av. Pedro Ferre Y Chacabuco,s/d,3400,3794,423400,centercorrientes@cinemacenter.com.ar,http://www.cinemacenter.com.ar/,5,1140,
105,18035020,18,18035,Salas de cine,Corrientes,Curuzu Cuatia,Curuzu Cuatiá,Sociedad Rural,Beron De Astrada 641,s/d,3460,s/d,s/d,nuevocineteatrorex@gmail.com,http://cinedelarural.com.ar,1,300,
106,18021020,18,18021,Salas de cine,Corrientes,Capital,Corrientes,Costanera,Carlos Pellegrini 451/311,s/d,3400,3794,472200,costanera@loscinesdelacosta.com.ar,http://www.loscinesdelacosta.com.ar/,2,358,
107,18084020,18,18084,Salas de cine,Corrientes,Ituzaingo,Ituzaingó,Leonardo Favio,Corrientes 1715,s/d,3302,3786,404273,wilfredodavid_50@hotmail.com,https://www.facebook.com/pg/CINEITU/about/,1,200,si
108,18070020,18,18070,Salas de cine,Corrientes,Goya,Goya,Cines De La Costa,España 659,s/d,3450,3794,472200,costanera@loscinesdelacosta.com.ar,www.micartelera.com.ar/cines.asp?id=3,2,370,
109,18119030,18,18119,Salas de cine,Corrientes,Paso de los Libres,Paso de los Libres,Cine Teatro Opera,Los 108 941,s/d,3230,3772,424404,imc@mplibres.gob.ar,https://www.facebook.com/pg/Cineoperacorrientes/about/?ref=page_internal,1,200,
110,30008090,30,30008,Salas de cine,Entre Ríos,Colon,San José,Cine Urquiza,25 De mayo 1849,s/d,3283,343,4320151,nuevocineteatrorex@gmail.com,http://www.cineurquiza.com.ar,1,250,
111,30105060,30,30105,Salas de cine,Entre Ríos,Victoria,Victoria,Cine Teatro Victoria,Alem 64,s/d,3153,343,6421005,culturamdv@gmail.com,https://www.cinesargentinos.com.ar/complejo/sala-municipal-cine-teatro-victoria/,1,299,si
112,30015060,30,30015,Salas de cine,Entre Ríos,Concordia,Concordia,Teatro Gran Odeon,Entre Rios 567,s/d,3200,345,4224758,fernandaaragon@fundacionodeon.com.ar,http://www.fundacionodeon.com.ar,1,664,
113,30098040,30,30098,Salas de cine,Entre Ríos,Uruguay,Concepción del Uruguay,Cine Teatro San Martin,Estrada 820,s/d,3260,3442,426145,estudiocginepro@gmail.com,https://www.facebook.com/cinesanmartin/,1,457,
114,30008020,30,30008,Salas de cine,Entre Ríos,Colon,Villa Elisa,Centro Cultural La Fragua,Hector De Elia 1489,s/d,3265,3447,481779,asociacioncivillafragua@gmail.com,https://www.facebook.com/pg/asociacioncivillafragua/about/?ref=page_internal,1,70,si
115,30084160,30,30084,Salas de cine,Entre Ríos,Parana,Paraná,Cine Rex,Monte Caseros 266,s/d,3100,343,4320151,nuevocinerex@gmail.com,https://www.cinerexparana.com/,3,434,
116,30113080,30,30113,Salas de cine,Entre Ríos,Villaguay,Villaguay,Fundación Emilio Berisso,San Martin 540,s/d,3240,3455,414428,cineteatroberisso@gmail.com,https://www.facebook.com/pg/CineBerisso/about/?ref=page_internal,1,350,
117,34014020,34,34014,Salas de cine,Formosa,Formosa,Formosa,Cine Teatro Italia,Av. 25 De Mayo 353,s/d,3600,3717,436447,cineteatroitalia@formosa.gov.ar,https://www.facebook.com/cine.italia/,1,565,si
118,34014020,34,34014,Salas de cine,Formosa,Formosa,Formosa,Avenida,Av. Juan Domingo Peron 757,s/d,3600,3704,420255,jimecaceres@hotmail.com,https://www.facebook.com/pg/Cines-Avenida-112830095434025/about/?ref=page_internal,3,619,
119,38042040,38,38042,Salas de cine,Jujuy,Palpala,Palpala,Cine Teatro Altos Hornos Zapla,Av. Rio De La Plata 383,s/d,4612,388,4276689,claudio.caceres@imdpalpala.gob.ar,https://www.facebook.com/pg/CineAHZ/about/?ref=page_internal,1,1100,si
120,38021060,38,38021,Salas de cine,Jujuy,Dr. Manuel Belgrano,San Salvador de Jujuy,Cine Teatro Alfa,Patricias Argentinas 360,s/d,4600,388,4230426,cinealfajujuy@hotmail.com,https://twitter.com/cineteatroalfa,2,856,
121,42105030,42,42105,Salas de cine,La Pampa,Maraco,Gral. Pico,Espacio Incaa-Cine & Teatro Pico,Calle 17 957,s/d,6360,2302,421776,italianaxx@speedy.com.ar,http://www.picocine.com.ar/,1,534,si
122,42105030,42,42105,Salas de cine,La Pampa,Maraco,Gral. Pico,Cine Gran Pampa,Calle 20 642,s/d,6360,2302,421776,italianaxx@speedy.com.ar,https://cines.com › Inicio › La Pampa › General Pico,1,730,
123,42021020,42,42021,Salas de cine,La Pampa,Capital,Santa Rosa,Amadeus,Coronel Gil 31,s/d,6300,2954,458160,administracion@cinedonbosco3d.com.ar, www.cineamadeus.com.ar/,1,223,
124,42021020,42,42021,Salas de cine,La Pampa,Capital,Santa Rosa,Espacio Incaa Santa Rosa,Quintana 172,s/d,6300,2954,772893,contablecultura.santarosa@hotmail.com,https://www.facebook.com/Espacio-INCAA-Santa-Rosa-715759378505317/,1,118,si
125,46014010,46,46014,Salas de cine,La Rioja,Capital,La Rioja,Cinemacenter,Av. Abel Bazan Y Bustos 710,s/d,5300,3804,461893,centerlarioja@cinemacenter.com.ar,http://www.cinemacenter.com.ar/,4,769,
126,46014010,46,46014,Salas de cine,La Rioja,Capital,La Rioja,Espacio 73,Catamarca 73,s/d,5300,3804,468432,coord.mediosaudiovisuales@gmail.com,http://www.culturalarioja.gob.ar,1,128,si
127,46014010,46,46014,Salas de cine,La Rioja,Capital,La Rioja,Cinema,Pelagio Luna 960,s/d,5300,3804,463383,ericontadoralinares@gmail.com,http://cinema3dlarioja.com/,2,292,
128,46014010,46,46014,Salas de cine,La Rioja,Capital,La Rioja,Cinema,San Martin 62,s/d,5300,3804,463386,ericontadoralinares@gmail.com,http://cinema3dlarioja.com/,1,72,
129,54091080,54,54091,Salas de cine,Misiones,Obera,Oberá,Cine Casinos,Av. Sarmiento 1044,s/d,3360,3755,425011,cinesobera@arnetbiz.com.ar,www.cinescasinoobera.com.ar/,2,292,
130,54028030,54,54028,Salas de cine,Misiones,Capital,Posadas,Sunstar,Bolivar 1979,s/d,3300,376,438666,gerente.posadas@sunstar.com,http://www.cinesunstar.com/,4,559,
131,54091080,54,54091,Salas de cine,Misiones,Obera,Oberá,Cine Teatro Obera,San Martin 1069,s/d,3360,3755,408625,cineteatro.obera@outlook.com,https://www.facebook.com/CineTeatroObera/,1,220,si
132,58035070,58,58035,Salas de cine,Neuquén,Confluencia,Neuquén,Village,Av. Antartida Argentina 1111,s/d,8300,2994,471500,village.neuquen@village.com.ar,https://www.villagecines.com/,7,1894,
133,58035070,58,58035,Salas de cine,Neuquén,Confluencia,Neuquén,Cine Teatro Español,Av. Argentina 245,s/d,8300,2994,429747,clau_diaz@hotmail.com,https://www.facebook.com/cineteatronqn/,1,639,si
134,58035040,58,58035,Salas de cine,Neuquén,Confluencia,Cutral-Co,Cine Rex Cutral-Co,Av. Del Trabajo 676,s/d,8200,s/d,s/d,iturbemariano@gmail.com,http://www.cinerexcutralco.com.ar/index.php,1,290,
135,58056010,58,58056,Salas de cine,Neuquén,Lacar,San Martín de los Andes,Centro Cultural Costema,Gral. Roca 1154,s/d,8370,2972,428399,cccotesma@cotesma.com.ar,http://centrocultural.cotesma.com.ar/agenda-de-cine,2,398,si
136,58112040,58,58112,Salas de cine,Neuquén,Zapala,Zapala,Cine Teatro Municipal Amado Sapag,San Martin 281,s/d,8340,2942,421664,jjjeldrez@hotmail.com,https://www.facebook.com/Cine-Teatro-de-Zapala-1558752601048983/,1,738,si
137,62042560,62,62042,Salas de cine,Río Negro,General Roca,Villa Regina,Cine Teatro Circulo Italiano,Av. Rivadavia 117,s/d,8336,298,4588456,espacioincaavillaregina@gmail.com,http://cineteatrocirculo.com.ar/tags/cine,1,661,si
138,62042450,62,62042,Salas de cine,Río Negro,General Roca,Gral. Roca,Cine Rex,Av. Roca 1585,s/d,8332,343,5122308,iturbemariano@gmail.com,http://cinerexroca.com.ar,2,300,
139,62042390,62,62042,Salas de cine,Río Negro,General Roca,Cinco Saltos,Cine Teatro Español,Av. Roca 326,s/d,8303,299,4980122,asoc.esp.cinco.saltos@gmial.com,https://www.facebook.com/pg/Cine-Teatro-Espa%C3%B1ol-Cinco-Saltos-1534103586894165/about/?ref=page_internal,1,320,si
140,62007090,62,62007,Salas de cine,Río Negro,Adolfo Alsina,Viedma,Cine Gama,Gallardo 160,s/d,8500,2920,432286,cinegama@yahoo.com.ar,https://cines.com/argentina/cine-gama/,1,350,
141,62021060,62,62021,Salas de cine,Río Negro,Bariloche,Bariloche,Sunstar,Onelli 447,s/d,8400,2944,433128,gerente.bariloche@cinesunstar.com,http://www.cinesunstar.com/,3,461,
142,62021060,62,62021,Salas de cine,Río Negro,Bariloche,Bariloche,La Llave,Sobral Y Onelli,s/d,8400,294,421599,comunicacionculturalmscb@bariloche.com.ar,https://www.facebook.com/escuelalallavebariloche/,1,100,si
143,62014040,62,62014,Salas de cine,Río Negro,Avellaneda,Choele Choel,Sala Municipal Espacio Incaa,Tello Y Av. San Martin,s/d,8360,298,4555525,secdesarrollosocialchoele@hotmail.com,https://www.facebook.com/EspacioIncaaKm1000ChoeleChoel/,1,282,si
144,66028050,66,66028,Salas de cine,Salta,Capital,Salta,Cine Rex,Av. San Martin 1170,s/d,4400,387,4889200,zingone@arnet.com.ar,https://www.facebook.com/pg/Cine-Rex-Salta-1989566067982401/about/?ref=page_internal,2,353,
145,66056220,66,66056,Salas de cine,Salta,Grl. Jose de San Martin,Tartagal,Open Plaza,Guemes 421,s/d,4560,s/d,s/d,adrianc@ferreterianorte.com.ar, http://www.cineopenplaza.com.ar,1,220,
146,66126070,66,66126,Salas de cine,Salta,Oran,Orán,Cine Municipal De La Cultura Oran,Hipolito Yrigoyen 137,s/d,4530,3878,421274,culturaoran@gmail.com,https://www.facebook.com/Cine-Municipal-Espacios-Incaa-Oran-473261419496188/,1,280,si
147,66028050,66,66028,Salas de cine,Salta,Capital,Salta,Hogar Escuela,Pje. Chiclana Esq. H. Irigoyen S/N,s/d,4400,387,4228669,ministro@cultura.salta.gov.ar,http://www.culturasalta.gov.ar/contenidos/espacio-incaa-hogar-escuela/50,1,354,si
148,66028050,66,66028,Salas de cine,Salta,Capital,Salta,Opera,Urquiza 560,s/d,4400,387,4213297,zingone@arnet.com.ar,https://www.facebook.com/pages/category/Drive-In-Movie-Theater/Cine-Opera-Salta-155718934490642/,2,682,
149,66028050,66,66028,Salas de cine,Salta,Capital,Salta,Hoyts,Virrey Toledo 702,s/d,4400,s/d,57771000,rmazzutti@hoyts.com.ar,https://www.cinemarkhoyts.com.ar/,8,1362,
150,70028010,70,70028,Salas de cine,San Juan,Capital,San Juan,Cinemacenter,Av. Circunvalacion Y Escalabrini Ortiz,s/d,5400,264,4212121,centersanjuan@cinemacenter.com.ar,http://www.cinemacenter.com.ar/,8,1803,
151,70028010,70,70028,Salas de cine,San Juan,Capital,San Juan,Play Cinema,Av. Libertador 1826 (Oeste),s/d,5400,264,4309000,admnistracion@playcinema.net,http://www.playcinema.net/,6,1071,
152,70028010,70,70028,Salas de cine,San Juan,Capital,San Juan,Cine Teatro Municipal San Juan,B. Mitre 41 Este,s/d,5400,264,4213295,cineteatromunicipalsj@gmail.com,http://www.municipiosanjuan.gob.ar/?q=content/cartelera-del-cine-teatro-municipal,1,416,si
153,70028010,70,70028,Salas de cine,San Juan,Capital,San Juan,Fundación Iopps,Pedro Echague Oeste 475,s/d,5400,264,4219787,iopps@speedy.com.ar,https://www.facebook.com/ioppscultura/,1,180,
154,70028010,70,70028,Salas de cine,San Juan,Capital,San Juan,UPCN - San Juan,Sarmiento 461 Sur,s/d,5400,264,4214611,adolfomallea@yahoo.com.ar,http://www.upcndigital.org/san-juan,1,298,si
155,74056150,74,74056,Salas de cine,San Luis,La Capital,San Luis,Cinemacenter,J. A. Roca 260,s/d,5700,2664,441001,centerluis@cinemacenter.com.ar,http://www.cinemacenter.com.ar/,7,1951,
156,74035070,74,74035,Salas de cine,San Luis,General Pedernera,Villa Mercedes,Fénix,Pueyrredon 1651,s/d,5730,2657,425513,hm@cinesdigitales.com,http://www.cinesfenix.com,3,475,
157,78014060,78,78014,Salas de cine,Santa Cruz,Deseado,Las Heras,Osvaldo Jorge Bayer,13 De Diciembre Y Malvinas S/N,s/d,9017,297,4974923,centroculturallasheras@gmail.com,https://www.facebook.com/pg/centroculturallasheras/about/?ref=page_internal,1,196,
158,78042010,78,78042,Salas de cine,Santa Cruz,Magallanes,Puerto San Julian,Cine Teatro Talia,25 De mayo 1188,s/d,9310,2962,415893,cineteatrotalia1930@gmail.com,https://www.facebook.com/pg/cineteatrotalia/about/?ref=page_internal,1,340,si
159,78014010,78,78014,Salas de cine,Santa Cruz,Deseado,Caleta Olivia,Asociación Amigos Del Arte Mechenien,J. Newbery Esq. Deocarets S/N,Piso 1,9011,297,4851770,mechenien_asociacion@hotmail.com,https://www.mechenien.org.ar/,1,350,si
160,86035090,86,86035,Salas de cine,Santiago del Estero,Banda,La Banda,Cinemacenter,Aut. Juan D. Peron S/N Parque Industrial,s/d,4200,385,4373184,cinessantiago@cinemacenter.com.ar,http://www.cinemacenter.com.ar/,3,822,
161,86035090,86,86035,Salas de cine,Santiago del Estero,Banda,La Banda,Cine Teatro Municipal Renzi,Av. Besares 151,s/d,4300,385,4279188,Alejandro_jozami@hotmail.com,https://www.facebook.com/CineRenzi/,1,152,si
162,86049110,86,86049,Salas de cine,Santiago del Estero,Capital,Santiago del Estero,Sunstar,Av. Rivadavia Y Ejercito Argentino,s/d,4200,385,4213666,gerente.santiago@cinesunstar.com,http://www.cinesunstar.com/,5,1585,
163,94007010,94,94007,Salas de cine,Tierra del Fuego,Rio Grande,Río Grande,El Cine,9 De julio 0838,s/d,9420,2964,422648,roviola@gmail.com,http://www.cinemas4riogrande.com.ar,2,584,
164,94014020,94,94014,Salas de cine,Tierra del Fuego,Ushuaia,Ushuaia,Sunstar,Av. Perito Moreno 1460,s/d,9410,2901,442702,gerente.ushuaia@cinesunstar.com,http://www.cinesunstar.com/,3,561,
165,94014020,94,94014,Salas de cine,Tierra del Fuego,Ushuaia,Ushuaia,Cine Teatro Pakewaia,Yaganes Y Gob Paz (Base Naval),s/d,9410,2901,424566,cine@gamaproducciones.com.ar,www.cinepackewaia.com.ar/,1,300,
166,90119030,90,90119,Salas de cine,Tucumán,Yerba Buena,Yerba Buena,Cines Del Solar,Av. Aconquija 1336,s/d,4107,381,4253050,cinesdelsolar@hotmail.com,http://solardelcerro.com,5,750,
167,90105080,90,90105,Salas de cine,Tucumán,Tafi Viejo,Tafí Viejo,Espacio Incaa Tafí Viejo C. Teatro Sociedad Española,Av. Alem 418,s/d,4103,381,6399995,ncapola@gmail.com,https://www.facebook.com/espacioincaatafiviejo/,1,830,si
168,90119030,90,90119,Salas de cine,Tucumán,Yerba Buena,Yerba Buena,Sunstar,Av. Fermin Carriola 42,s/d,4107,381,4357463,gerente.tucuman@cinesunstar.com,http://www.cinesunstar.com/,6,1295,
169,90084010,90,90084,Salas de cine,Tucumán,Capital,San Miguel de Tucumán,Microcine Orión,Av. Mitre 817,s/d,4000,381,6374808,cineorion@hotmail.com,https://www.facebook.com/search/top/?q=MICROCINE%20ORION,1,36,
170,90084010,90,90084,Salas de cine,Tucumán,Capital,San Miguel de Tucumán,Cinemacenter,Av. Nestor Kirchner(Ex Av. Roca) 3450,Piso 1,4000,381,4361405,cctucuman@cinemacenter.com.ar,http://www.cinemacenter.com.ar/,5,1051,
171,90084010,90,90084,Salas de cine,Tucumán,Capital,San Miguel de Tucumán,Atlas Cine,Monteagudo 250,s/d,4000,381,4220825,rabdenur@gmail.com,cineatlasweb.com.ar,3,797,
172,90084010,90,90084,Salas de cine,Tucumán,Capital,San Miguel de Tucumán,Espacio Incaa Sala Orestes Caviglia,San Martin 251,s/d,4000,381,4307678,mediosaudiovisuales.ect@arnetbiz.com.ar,https://enteculturaltucuman.gob.ar/#teatros,1,183,si
173,82063170,82,82063,Salas de cine,Santa Fe,La Capital,Santa Fe,Cine América,25 De mayo 3075,s/d,3000,342,4190285,guillermoarch@hotmail.com,http://www.plateasantafe.com,1,380,
174,82042290,82,82042,Salas de cine,Santa Fe,General Lopez,Venado Tuerto,Cinema Casey,Av. Casey 790,Piso 1,2600,3462,400100,cinemacasey@hotmail.com,http://cinemacasey.com.ar,2,249,
175,82042220,82,82042,Salas de cine,Santa Fe,General Lopez,Rufino,Sala Hispano,Av. Cobo 185,Planta Alta,6100,3382,409088,espacioincaarufino@gmail.com,htpp:/www.espacios.incaa.gov.ar,1,330,si
176,82014050,82,82014,Salas de cine,Santa Fe,Caseros,Casilda,Cine Teatro Libertador,Buenos Aires 2441,s/d,2170,3464,422381,cinelibertador@arnetbiz.com.ar,http://www.cinelibertador.com.ar,1,1014,
177,82021310,82,82021,Salas de cine,Santa Fe,Castellanos,Rafaela,Cine Teatro Municipal Manuel Belgrano,Bv. Santa Fe 555,s/d,2300,3492,422114,cinebelgrano@wilnet.com.ar,http://www.rafaela.gob.ar/cine/,1,1049,si
178,82021340,82,82021,Salas de cine,Santa Fe,Castellanos,San Vicente,Brown Cinema,Cangallo 304,s/d,2447,3492,470396,brown@coopmail.com.ar,http://browncinema3d.com.ar/home.php,1,224,
179,82084270,82,82084,Salas de cine,Santa Fe,Rosario,Rosario,Microcine De La Cortada,Ctda Ricardone 1244,s/d,2000,341,4498408,microcinedelacortada@hotmail.com,https://www.facebook.com/pg/cinedelacortada.condicionado/about/?ref=page_internal,1,96,
180,82063170,82,82063,Salas de cine,Santa Fe,La Capital,Santa Fe,Cinemark,Dique 1 Puerto Santa Fe,s/d,3000,s/d,57771000,iventura@cinemark.com.ar,https://www.cinemarkhoyts.com.ar,7,1527,
181,82126140,82,82126,Salas de cine,Santa Fe,San Martin,San Jorge,Trigital Cines SRL,Eva Peron 1388,s/d,2451,3562,405750,s/d,http://www.lastipassanjorge.com.ar/,1,260,
182,82084270,82,82084,Salas de cine,Santa Fe,Rosario,Rosario,Village,Eva Peron 5856,s/d,2000,341,5161111,village.rosario@village.com.ar,https://www.villagecines.com/,13,3458,
183,82049180,82,82049,Salas de cine,Santa Fe,General Obligado,Reconquista,Cine Recite,Habegger 755,s/d,3560,3482,621973,cinerecite@gmail.com // viviandreaperalta@gmail.com,http://www.cinerecite.com.ar,1,156,
184,82084270,82,82084,Salas de cine,Santa Fe,Rosario,Rosario,Showcase,Junin 501,s/d,2000,341,4360600,naiarg@naiarg.com.ar,http://www.rosariocine.com.ar/horarios/cine/showcase,14,3391,
185,82084270,82,82084,Salas de cine,Santa Fe,Rosario,Rosario,Hoyts,Nansen 323,s/d,2000,s/d,57771000,rmazzutti@hoyts.com.ar,https://www.cinemarkhoyts.com.ar/,9,1911,
186,82084270,82,82084,Salas de cine,Santa Fe,Rosario,Rosario,Cines Del Centro,Rioja 1660,Planta Alta,2000,341,4815519,s/d,http://www.rosariocine.com.ar/horarios/cine/cines-del-centro,4,659,
187,82084270,82,82084,Salas de cine,Santa Fe,Rosario,Rosario,Monumental,San Martin 993,s/d,2000,s/d,s/d,ciamonumentalrosario@gmail.com,https://www.multiplex.com.ar/,9,1471,
188,82084270,82,82084,Salas de cine,Santa Fe,Rosario,Rosario,El Cairo,Santa Fe 1120,s/d,2000,341,4721851,carodesantis@hotmail.com,http://elcairocinepublico.gob.ar/,1,442,
189,82084270,82,82084,Salas de cine,Santa Fe,Rosario,Rosario,Arteon,Sarmiento 778,Planta Alta,2000,341,4268841,arteon01@gmail.com,http://www.arteon.com.ar/#!/-cine/,1,186,si
190,82084270,82,82084,Salas de cine,Santa Fe,Rosario,Rosario,Centro Cultural Cine Lumiere,Velez Sarfield 1029,s/d,2000,341,4804816,mdorigo@rosario.gov.ar,http://www.lumiererosario.gob.ar,1,420,
191,50098100,50,50098,Salas de cine,Mendoza,San Martin,San Martín,Cine Cervantes San Martin,9 De julio 0187,s/d,5570,2634,432786,cebriancine@gmail.com,http://www.cinecervantes.com,1,328,
192,50007010,50,50007,Salas de cine,Mendoza,Capital,Mendoza,Microcine Municipal David Einsenchlas,9 De julio 0500,Subsuelo,5500,261,4495184,microcinemunicipal@gmail.com//elvuelocine@gmail.com,s/d,1,115,
193,50007010,50,50007,Salas de cine,Mendoza,Capital,Mendoza,Village,Av. Acceso Este 3280 Lateral Norte,s/d,5521,261,4616161,village.mendoza@village.com.ar,https://www.villagecines.com/,10,2344,
194,50021010,50,50021,Salas de cine,Mendoza,Godoy Cruz,Godoy Cruz,Ctro Cultural Cine Plaza,Colon 27,s/d,5501,261,4133255,cineplaza@godoycruz.gov.ar,https://www.godoycruz.gob.ar/,1,1000,
195,50070060,50,50070,Salas de cine,Mendoza,Maipu,Maipú,Village,Emilio Civit Y Maza,s/d,5515,261,4616161,village.maipu@village.com.ar,https://www.villagecines.com/,5,949,
196,50007010,50,50007,Salas de cine,Mendoza,Capital,Mendoza,Cinemacenter,Las Cañas 1833,s/d,5519,261,4598173,centermendoza@cinemacenter.com.ar,http://www.cinemacenter.com.ar/,6,1361,
197,50007010,50,50007,Salas de cine,Mendoza,Capital,Mendoza,Porky`S,Lavalle 32,Piso 1,5500,261,4288740,gabrielmontes67@hotmail.com,https://www.facebook.com/pg/CINE-XXX-Porkis-Mendoza-287672825017939/about/?ref=page_internal,1,70,
198,50084140,50,50084,Salas de cine,Mendoza,Rivadavia,Rivadavia,Centro Cultural Juan Centorbi,Lavalle 740,s/d,5577,2623,4442619,ggvalverde@hotmail.com,https://www.mendozaeventos.com/lugar/122/1/centro-cultural-municipal-juan-centorbi,1,963,
199,50007010,50,50007,Salas de cine,Mendoza,Capital,Mendoza,Cine Universidad,Maza 240 Entre Mitre Y Av. España,s/d,5500,11,6259251,armandoluisgonzalez70@gmail.com,http://cine.uncuyo.edu.ar/,2,350,
200,50070060,50,50070,Salas de cine,Mendoza,Maipu,Maipú,Cine Teatro Imperial,Pablo Pescara Y Peron,s/d,5515,261,4815634,cine_taller@hotmail.com,https://www.facebook.com/pg/Cineteatroimperial/about/?ref=page_internal,1,600,si
201,50028020,50,50028,Salas de cine,Mendoza,Guaymallen,Guaymallen,Cine Teatro Armando Tejada Gómez,Pedro Molina 110,s/d,5519,261,4453515,cineteatrorecreo@yahoo.com.ar,https://www.facebook.com/cineteatrorecreo.guaymallen/photos/a.595121797331400/595121603998086/?type=1&theater,1,250,si
202,50077040,50,50077,Salas de cine,Mendoza,Malargue,Malargüe,Sala Maitén,Ruta 40 Norte Y Pje Orteguina,s/d,5613,2604,470027,cinemaiten@malargue.gov.ar,https://www.malargue.gov.ar/?cat=735,1,160,
203,50021010,50,50021,Salas de cine,Mendoza,Godoy Cruz,Godoy Cruz,Cinemark,Ruta Panamericana 2650,s/d,5501,s/d,57771000,iventura@cinemark.com.ar,https://www.cinemarkhoyts.com.ar,10,1681,
204,50105210,50,50105,Salas de cine,Mendoza,San Rafael,San Rafael,Cine Amelix,San Martin 139,s/d,5600,2064,427171,cineamelix@gmail.com,https://www.facebook.com/CineAmelix/,2,359,
205,14140030,14,14140,Salas de cine,Córdoba,San Justo,Arroyito,Cinema 2000,Belgrano Esq. Rafael Nuñez,s/d,2434,3576,422515,marcelatorressi@cescom.net.ar,https://www.facebook.com/pg/Cinema.2000.Arroyito.3D/about/?ref=page_internal,1,207,
206,14182080,14,14182,Salas de cine,Córdoba,Union,Canals,Guillermo J. Nolter,Moreno Y Sarmiento,s/d,2650,3463,420041,coopcanals@canalsnet.com.ar,https://www.cinecoop3d.com/elcine.php,1,200,
207,14091040,14,14091,Salas de cine,Córdoba,Punilla,Capilla del Monte,Enrique Muiño,Sarmiento 318,s/d,5184,3548,481026,cultura@capilladelmonte.gov.ar,https://www.facebook.com/pages/Cine-Enrique-Mui%C3%B1o-Capilla-Del-Monte/314551692070477,1,413,
208,14014010,14,14014,Salas de cine,Córdoba,Capital,Córdoba,Cine Arte Córdoba,27 De abril 0275,s/d,5000,351,421214,danhid12@hotmail.com,https://www.facebook.com/Cine-Arte-Cordoba-1386051238374665/,1,210,
209,14014010,14,14014,Salas de cine,Córdoba,Capital,Córdoba,Cinerama,Av. Colon 345,s/d,5000,351,4210221,albertomo@arnet.com.ar,https://www.cinerama.com.ar/,4,755,
210,14014010,14,14014,Salas de cine,Córdoba,Capital,Córdoba,Dinosaurio Mall,Av. Fuerza Aerea 1700,s/d,5009,351,5261500,cluduena@grupodinosaurio.com,https://www.cinesdinomall.com.ar/Inicio,7,1385,
211,14014010,14,14014,Salas de cine,Córdoba,Capital,Córdoba,Gran Rex,Av. Gral. Paz 174,piso 1,5000,351,248709,granrex@yahoo.com.ar,http://cinesgranrex.com.ar/,6,827,
212,14014010,14,14014,Salas de cine,Córdoba,Capital,Córdoba,Hoyts,Av. Velez Sarsfield 361,s/d,5000,s/d,57771000,rmazzutti@hoyts.com.ar,https://www.cinemarkhoyts.com.ar/,8,986,
213,14014010,14,14014,Salas de cine,Córdoba,Capital,Córdoba,Hoyts,Duarte Quiros 1400,s/d,5000,351,4803737,rmazzutti@hoyts.com.ar,https://www.cinemarkhoyts.com.ar/,6,960,
214,14014010,14,14014,Salas de cine,Córdoba,Capital,Córdoba,Showcase,J.A. Goyechea 2851,s/d,5009,351,4880499,canigia@naiarg.com.ar,https://www.todoshowcase.com/,12,2386,
215,14014010,14,14014,Salas de cine,Córdoba,Capital,Córdoba,Tao Sex,Rivadavia 219,s/d,5000,351,4232865,lucramireznur@hotmail.com,https://www.facebook.com/pg/taosex.cordoba/about/?ref=page_internal,1,23,
216,14014010,14,14014,Salas de cine,Córdoba,Capital,Córdoba,Gran Rex,Rivera Indarte 139,piso 1,5000,351,4248709,granrexcba@yahoo.com.ar,http://cinesgranrex.com.ar/,2,374,
217,14014010,14,14014,Salas de cine,Córdoba,Capital,Córdoba,Dinosaurio Mall,Rodriguez Del Busto 4086,s/d,5009,351,5261500,cluduena@grupodinosaurio.com,https://www.cinesdinomall.com.ar/Inicio,7,1193,
218,14014010,14,14014,Salas de cine,Córdoba,Capital,Córdoba,Vip´S Cinema,Santa Rosa 212,s/d,5000,351,4265280,batty256@hotmail.com,http://usandbath.com/cine-vips-cinema-de-cordoba/,1,44,
219,14028050,14,14028,Salas de cine,Córdoba,Cruz del Eje,Cruz del Eje,Aida,Thomas Edison 2126,s/d,5280,3549,423530,mhr57@hotmail.com,https://www.facebook.com/CineTeatroAidaCruzDelEje/photos/a.1650682478478134/2094015514144826/?type=1&theater,1,444,
220,14021140,14,14021,Salas de cine,Córdoba,Colon,Jesus María,Las Tipas Boulevard,Ruta Nacional 9 Esq. Corrientes,s/d,5220,3525,428300,admin@lastipasboulevard.com.ar,http://www.cinesmolise.com.ar/,3,623,
221,14140300,14,14140,Salas de cine,Córdoba,San Justo,Morteros,Las Tipas Boulevard,Bv. Illia 232,s/d,2421,3562,405750,admin@lastipasboulevard.com.ar,http://www.lastipasboulevard.com.ar/,2,300,
222,14161150,14,14161,Salas de cine,Córdoba,Tercero Arriba,Río Tercero,Cinema Strike,Velez Sarfield 143,s/d,5850,3571,414444,analia.cruchiani@hotmail.com,http://cinemastrike.com.ar/,2,400,
223,14140360,14,14140,Salas de cine,Córdoba,San Justo,San Francisco,Digital Tresd,Iturraspe 1448,s/d,2400,3564,424403,nuevocineradar@gmail.com,http://www.nuevocineradar.com.ar/,3,620,
224,14021280,14,14021,Salas de cine,Córdoba,Colon,Unquillo,Espacio Incaa Unquillo,San Martin 1505,s/d,5109,3543,487307,espacioincaaunquillo@gmail.com,http://www.unquillo.gov.ar/webGF/index.html,1,220,si
225,14098290,14,14098,Salas de cine,Córdoba,Rio Cuarto,Vicuña Mackenna,Sala C.E.Y.A.L,Av. Carlos S. Y De 1056,s/d,6140,385,480000,ceyalcoop@ceyalcoop.com.ar,http://www.ceyalcoop.com.ar/2018/09/11/985/,1,850,
226,14021290,14,14021,Salas de cine,Córdoba,Colon,Villa Allende,Showcase,Rio De Janeiro 1725,s/d,5105,3543,438314,galonso@naiarg.com.ar,https://www.todoshowcase.com/,3,563,
227,14091250,14,14091,Salas de cine,Córdoba,Punilla,Villa Carlos Paz,Holly Paz,9 De julio 53,s/d,5152,3541,435924,charlymagnano@hotmail.com,https://www.holidaycinemas.com.ar/,4,1000,
228,14119210,14,14119,Salas de cine,Córdoba,Rio Segundo,Villa del Rosario,Cine General Paz,Sarmiento 731,s/d,5963,3573,456011,iambrogio@hotmail.com,https://m.facebook.com/dfinelli.d.finelli?fref=ts,1,412,
229,14133200,14,14133,Salas de cine,Córdoba,San Javier,Villa Dolores,Eter Cine,Felipe Erdman 145,s/d,5870,3544,610095,efernandez486@yahoo.com.ar,http://www.etercine3d.com.ar/,2,400,
230,14042170,14,14042,Salas de cine,Córdoba,General San Martin,Villa María,Centro Cultural Leonardo Favio,Av. Sabattini 200,s/d,5900,11,4061440,espacioincaa555@hotmail.com,http://www.villamaria.gob.ar,1,200,si
231,14042170,14,14042,Salas de cine,Córdoba,General San Martin,Villa María,Sudcinemas,"Ruta Nacional 158 Km 155,5",s/d,5900,3534,4522337,sudcinemas@arnetbiz.com.ar,http://sudcinemas.com.ar/cine-wp/,4,800,
232,2000010,2,2000,Salas de cine,Ciudad Autónoma de Buenos Aires,Ciudad Autonoma de Buenos Aires,Ciudad Autónoma de Buenos Aires,Cinemark,Av. Alicia M De Justo 1920,s/d,1107,s/d,57771000,iventura@cinemark.com.ar,https://www.cinemarkhoyts.com.ar,8,1379,
233,2000010,2,2000,Salas de cine,Ciudad Autónoma de Buenos Aires,Ciudad Autonoma de Buenos Aires,Ciudad Autónoma de Buenos Aires,Cinema,Av. Cabildo 2702,s/d,1428,s/d,47890232,fharari@hotmail.com.ar,http://www.cinemacity.com.ar/,6,1576,
234,2000010,2,2000,Salas de cine,Ciudad Autónoma de Buenos Aires,Ciudad Autonoma de Buenos Aires,Ciudad Autónoma de Buenos Aires,Multiplex,Av. Cabildo 2829,s/d,1428,s/d,47816500,viourno@cinesmultiplex.com.ar.,https://www.multiplex.com.ar/,5,792,
235,2000010,2,2000,Salas de cine,Ciudad Autónoma de Buenos Aires,Ciudad Autonoma de Buenos Aires,Ciudad Autónoma de Buenos Aires,Alianza Francesa,Av. Cordoba 946,s/d,1054,s/d,43220068,francisco.armendariz@alianzafrancesa.org.ar,https://www.alianzafrancesa.org.ar/cultura/cine,1,178,
236,2000010,2,2000,Salas de cine,Ciudad Autónoma de Buenos Aires,Ciudad Autonoma de Buenos Aires,Ciudad Autónoma de Buenos Aires,Bama Cine,Av. Corrientes 1145,s/d,1145,11,44136283,guillermo@bamacine.com,http://www.bamacine.com/,3,343,
237,2000010,2,2000,Salas de cine,Ciudad Autónoma de Buenos Aires,Ciudad Autonoma de Buenos Aires,Ciudad Autónoma de Buenos Aires,Cine Lorca,Av. Corrientes 1428,s/d,1042,s/d,43715017,lorcacine@gmail.com,http://cinelorca.wixsite.com/cine-lorca,2,452,
238,2000010,2,2000,Salas de cine,Ciudad Autónoma de Buenos Aires,Ciudad Autonoma de Buenos Aires,Ciudad Autónoma de Buenos Aires,Sala Leopoldo Lugones,Av. Corrientes 1530,s/d,1042,s/d,43710111,acardoso@complejoteatral.gob.ar,https://complejoteatral.gob.ar/cine,1,212,
239,2000010,2,2000,Salas de cine,Ciudad Autónoma de Buenos Aires,Ciudad Autonoma de Buenos Aires,Ciudad Autónoma de Buenos Aires,Sala Raúl González Tuñón,Av. Corrientes 1543,s/d,1042,s/d,50778000,directorartistico@entrocultural.coop,http://www.centrocultural.coop/,1,94,
240,2000010,2,2000,Salas de cine,Ciudad Autónoma de Buenos Aires,Ciudad Autonoma de Buenos Aires,Ciudad Autónoma de Buenos Aires,Cine Cosmos,Av. Corrientes 2046,s/d,1045,s/d,49535405,gabriel.guralnik@gmail.com,https://www.facebook.com/pg/cinecosmos.uba/about/?ref=page_internal,2,190,
241,2000010,2,2000,Salas de cine,Ciudad Autónoma de Buenos Aires,Ciudad Autonoma de Buenos Aires,Ciudad Autónoma de Buenos Aires,Hoyts,Av. Corrientes 3247,s/d,1193,s/d,57771000,rmazzutti@hoyts.com.ar,https://www.cinemarkhoyts.com.ar/,12,3021,
242,2000010,2,2000,Salas de cine,Ciudad Autónoma de Buenos Aires,Ciudad Autonoma de Buenos Aires,Ciudad Autónoma de Buenos Aires,Malba,Av. Figuero Alcorta 3415,Planta Baja,1425,11,48086500,recepcion@malba.org.ar,http://www.malba.org.ar/eventos/de/actividades-cine-programacion/,1,224,
243,2000010,2,2000,Salas de cine,Ciudad Autónoma de Buenos Aires,Ciudad Autonoma de Buenos Aires,Ciudad Autónoma de Buenos Aires,Cinemark,Av. La Plata 96,s/d,1184,s/d,57771000,iventura@cinemark.com.ar,https://www.cinemarkhoyts.com.ar,6,898,
244,2000010,2,2000,Salas de cine,Ciudad Autónoma de Buenos Aires,Ciudad Autonoma de Buenos Aires,Ciudad Autónoma de Buenos Aires,Gaumont CineAR,Av. Rivadavia 1635,s/d,1033,s/d,43815754,guadalupe.veiga@incaa.gov.ar,http://www.incaa.gov.ar/sin-categoria/cartelera-cine-gaumont,3,1167,si
245,2000010,2,2000,Salas de cine,Ciudad Autónoma de Buenos Aires,Ciudad Autonoma de Buenos Aires,Ciudad Autónoma de Buenos Aires,Village,Av. Rivadavia 5071,s/d,1424,s/d,51686868,village.caballito@village.com.ar,https://www.villagecines.com/,9,1769,
246,2000010,2,2000,Salas de cine,Ciudad Autónoma de Buenos Aires,Ciudad Autonoma de Buenos Aires,Ciudad Autónoma de Buenos Aires,Cinemark,Beruti 3399,s/d,1425,s/d,57771000,iventura@cinemark.com.ar,https://www.cinemarkhoyts.com.ar,10,1738,
247,2000010,2,2000,Salas de cine,Ciudad Autónoma de Buenos Aires,Ciudad Autonoma de Buenos Aires,Ciudad Autónoma de Buenos Aires,Microcine Centro Cultural Recoleta,Junin 1930,s/d,1113,s/d,48031040,evitamaggi@buenosaires.gob.ar,http://www.centroculturalrecoleta.org/,1,100,
248,2000010,2,2000,Salas de cine,Ciudad Autónoma de Buenos Aires,Ciudad Autonoma de Buenos Aires,Ciudad Autónoma de Buenos Aires,Sisco Box,Laprida 1423,s/d,1425,11,41430660,natipereiradarre@gmail.com,s/d,2,40,
249,2000010,2,2000,Salas de cine,Ciudad Autónoma de Buenos Aires,Ciudad Autonoma de Buenos Aires,Ciudad Autónoma de Buenos Aires,Multiplex Lavalle,Lavalle 780,s/d,1047,s/d,43261596,asomma@cinesmultiplex.com.ar,https://www.multiplex.com.ar/,7,1270,
250,2000010,2,2000,Salas de cine,Ciudad Autónoma de Buenos Aires,Ciudad Autonoma de Buenos Aires,Ciudad Autónoma de Buenos Aires,Showcase,Monroe 1655,s/d,1428,s/d,47883322,rfarias@naiarg.com.ar,https://www.todoshowcase.com/,10,2082,
251,2000010,2,2000,Salas de cine,Ciudad Autónoma de Buenos Aires,Ciudad Autonoma de Buenos Aires,Ciudad Autónoma de Buenos Aires,Cinema Del Parque,Nazarre 3135,s/d,1417,s/d,45030200,ibuttironi@cpmcines.com,https://cpmcines.com/home,2,277,
252,2000010,2,2000,Salas de cine,Ciudad Autónoma de Buenos Aires,Ciudad Autonoma de Buenos Aires,Ciudad Autónoma de Buenos Aires,A.M.I.A.,Pasteur 633,s/d,1028,s/d,49598800,amia@amia.org.ar,https://cultura.amia.org.ar,1,237,
253,2000010,2,2000,Salas de cine,Ciudad Autónoma de Buenos Aires,Ciudad Autonoma de Buenos Aires,Ciudad Autónoma de Buenos Aires,Atlas Cine,Rivera Indarte 44,s/d,1406,s/d,43135050,info@atlascines.com.ar,cineatlasweb.com.ar,5,1263,si
254,2000010,2,2000,Salas de cine,Ciudad Autónoma de Buenos Aires,Ciudad Autonoma de Buenos Aires,Ciudad Autónoma de Buenos Aires,Edén,Santa Fe 1825,s/d,1123,s/d,43283150,jse13310@gmail.com,s/d,1,30,
255,2000010,2,2000,Salas de cine,Ciudad Autónoma de Buenos Aires,Ciudad Autonoma de Buenos Aires,Ciudad Autónoma de Buenos Aires,Cine Ideal Solo Adultos,Suipacha 378,s/d,1008,s/d,43263300,s/d,s/d,5,770,
256,2000010,2,2000,Salas de cine,Ciudad Autónoma de Buenos Aires,Ciudad Autonoma de Buenos Aires,Ciudad Autónoma de Buenos Aires,Village,Vicente Lopez 2050,s/d,1128,s/d,51280828,village.recoleta@village.com.ar,https://www.villagecines.com/,10,1776,
257,2000010,2,2000,Salas de cine,Ciudad Autónoma de Buenos Aires,Ciudad Autonoma de Buenos Aires,Ciudad Autónoma de Buenos Aires,Multiplex,Vuelta De Obligado 2199,s/d,1428,s/d,47818187,gfeldman@cinesmultiplex.com,https://www.multiplex.com.ar/,8,2314,
258,6826050,6,6826,Salas de cine,Buenos Aires,Trenque Lauquen,Trenque Lauquen,Espacio Incaa Cine Barrio Alegre,9 De julio 0133,Planta Baja,6400,2392,432001,clubbarrioalegre@cetl.com.ar,https://www.facebook.com/cinebarrio3d/,1,1200,si
259,6483040,6,6483,Salas de cine,Buenos Aires,Lobos,Lobos,Cine Teatro Italiano,9 De julio 0142,s/d,7240,2227,431228,cultural@lobos.gov.ar,https://www.facebook.com/teatrocineitaliano/,1,350,SI
260,6568010,6,6568,Salas de cine,Buenos Aires,Moron,Morón,T. Municipalidad G. De La Ferrere,Alte. Brown 990,s/d,1708,s/d,44831412,teatrolaferreremoron@gmail.com,http://www.moron.gob.ar/nuestra-gestion/cultura/accion-cultural/#,1,133,si
261,6581040,6,6581,Salas de cine,Buenos Aires,Necochea,Necochea,Cine Teatro París,Av. 59 2868,s/d,7630,2262,647459,info@cineteatroparis.com,https://www.facebook.com/cineteatroparis.necochea/,1,915,si
262,6798020,6,6798,Salas de cine,Buenos Aires,Tapalque,Tapalque,Espacio Incaa Centro Cultural Municipal Dr. Ricardo Romera,Av. 9 De Julio Y Av. San Martin,s/d,7303,2283,420248,adolfolivio@hotmail.com,http://www.municipiodetapalque.gob.ar/?tag=centro-cultural-dr-ricardo-romera,1,264,si
263,6210020,6,6210,Salas de cine,Buenos Aires,Chacabuco,Chacabuco,Teatro Italiano Espacio INCAA,Av. Alsina 29,s/d,6740,2352,428776,celiae06@hotmail.com,https://www.facebook.com/Teatro-Italiano-Galer%C3%ADa-de-Arte-434088023281257/,1,289,SI
264,6658010,6,6658,Salas de cine,Buenos Aires,Quilmes,Quilmes,Hoyts,Av. Calchaqui 3950,s/d,1879,s/d,57771000,rmazzutti@hoyts.com.ar,https://www.cinemarkhoyts.com.ar/,12,2580,
265,6224010,6,6224,Salas de cine,Buenos Aires,Chivilcoy,Chivilcoy,Metropol,Av. Ceballos 29,s/d,6620,2346,422555,lagandolfo@yahoo.com.ar,https://www.facebook.com/CineMetropolChivilcoy/,1,500,
266,6805010,6,6805,Salas de cine,Buenos Aires,Tigre,Rincón de Milberg,Nordel Cinema,Av. De Los Lagos 7010,s/d,1617,s/d,48710193,s/d,http://www.nordeltacc.com.ar/,5,969,
267,6490010,6,6490,Salas de cine,Buenos Aires,Lomas de Zamora,Temperley,Hoyts,Av. Hipolito Irigoyen 10699,s/d,1834,s/d,57771000,rmazzutti@hoyts.com.ar,https://www.cinemarkhoyts.com.ar/,9,2382,
268,6515010,6,6515,Salas de cine,Buenos Aires,Malvinas Argentinas,Los Polvorines,Cinemark,Av. Illia 3770,s/d,1613,s/d,57771000,iventura@cinemark.com.ar,https://www.cinemarkhoyts.com.ar,10,2414,
269,6427010,6,6427,Salas de cine,Buenos Aires,La Matanza,San Justo,Cinemark,Av. Juan Manuel De Rosas 3990,s/d,1754,s/d,57771000,iventura@cinemark.com.ar,https://www.cinemarkhoyts.com.ar,6,1843,
270,6840010,6,6840,Salas de cine,Buenos Aires,Tres de Febrero,Ciudadela,Nuevo Ciudadela,Av. Maipu 3927,s/d,1702,s/d,46535914,nuevociudadela@yahoo.com.ar,s/d,2,350,
271,6469080,6,6469,Salas de cine,Buenos Aires,Lincoln,Lincoln,Cine Club Jorge Newbery,Av. Massey 839,s/d,6070,2355,421928,clubjnewbery@gmail.com,https://www.facebook.com/clubjorgenewberylincoln/,1,483,
272,6623100,6,6623,Salas de cine,Buenos Aires,Pergamino,Pergamino,Cinema,Av. Mayo Y San Nicolas,Piso 1,2700,2477,443932,cinemapergamino@bbt11.com.ar,http://vamosacinema.com/,2,556,
273,6420030,6,6420,Salas de cine,Buenos Aires,La Costa,San Clemente,Gran Tuyu,Av. San Martin 181,s/d,7105,225,2521025,cinesdelacosta@yahoo.com.ar,https://www.facebook.com/cine.tuyu/,1,450,
274,6274010,6,6274,Salas de cine,Buenos Aires,Florencio Varela,Florencio Varela,Cinemacenter,Av. San Martin 554 Y Av. Del Trabajo,s/d,1888,s/d,42370445,centervarela@cinemacenter.com.ar,http://www.cinemacenter.com.ar/,6,1327,
275,6056010,6,6056,Salas de cine,Buenos Aires,Bahia Blanca,Bahía Blanca,Cinemacenter,Av. Sarmiento 2153,s/d,8000,291,4535844,centerbahia@cinemacenter.com.ar,http://www.cinemacenter.com.ar/,7,1501,
276,6644010,6,6644,Salas de cine,Buenos Aires,Pinamar,Pinamar,Oasis,Av. Shaw 644,s/d,7167,225,4497333,exhibidoraatlantica@yahoo.com.ar,http://www.cineoasis.com.ar/,2,744,
277,6224010,6,6224,Salas de cine,Buenos Aires,Chivilcoy,Chivilcoy,Cine Español Chivilcoy,Av. Suarez 86,s/d,6620,2346,427272,laganadolfo@yahoo.com.ar,https://www.facebook.com/cinechivilcoy/,1,500,
278,6560010,6,6560,Salas de cine,Buenos Aires,Moreno,Moreno,Hoyts,Av. Victorica 1128,s/d,1744,s/d,57771000,rmazzutti@hoyts.com.ar,https://www.cinemarkhoyts.com.ar/,10,2476,
279,6112010,6,6112,Salas de cine,Buenos Aires,Bragado,Bragado,Espacio Incaa Florencio Constantino,Belgrano 1260,s/d,6640,2342,422060,culturabragado@gmail.com,s/d,1,750,SI
280,6056010,6,6056,Salas de cine,Buenos Aires,Bahia Blanca,Bahía Blanca,Amodeo Visión,Belgrano 153,s/d,8000,291,4547639,s/d,s/d,3,907,
281,6357110,6,6357,Salas de cine,Buenos Aires,General Pueyrredon,Mar del Plata,Pigalle,Belgrano 2327,s/d,7600,223,490306,danielmazzitello@hotmail.com,s/d,2,120,
282,6770050,6,6770,Salas de cine,Buenos Aires,San Pedro,San Pedro,Cine Teatro La Palma,Belgrano 961,s/d,2930,3329,427251,cineteatrolapalma@gmail.com,https://www.facebook.com/MEC.LaPalma/,2,471,
283,6357110,6,6357,Salas de cine,Buenos Aires,General Pueyrredon,Mar del Plata,Lisieux Diagonal,Belgrano Y Diag. Pueyrredon 3058,s/d,7600,223,4999200,recepcion666@cinemacenter. com.ar,http://dixain.wixsite.com/paseodiagonal/cines,4,687,
284,6756010,6,6756,Salas de cine,Buenos Aires,San Isidro,Boulogne,Cinemark Soleil,Bernardo De Yrigoyen 2647,s/d,1609,s/d,57771000,iventura@cinemark.com.ar,https://www.cinemarkhoyts.com.ar,6,1895,
285,6049020,6,6049,Salas de cine,Buenos Aires,Azul,Azul,Flix Cinema,Bolivar 416,s/d,7300,2281,432580,flixcinema@hotmail.com,http://azul.flixcinema.com.ar/,1,160,
286,6861010,6,6861,Salas de cine,Buenos Aires,Vicente Lopez,Vicente López,Zona Cine Coto Olivos,Borges 309 Y Espora 3030,s/d,1638,11,47113478,maciro@coto.com.ar,https://www.zonacines.com.ar,2,489,
287,6357110,6,6357,Salas de cine,Buenos Aires,General Pueyrredon,Mar del Plata,Teatro Auditorium,Bv. Maritimo 2280,s/d,7600,223,4937786,direccionauditorium@hotmail.com,http://programacionauditorium.blogspot.com/,3,1563,
288,6532020,6,6532,Salas de cine,Buenos Aires,Mercedes,Mercedes,Cine Mercedes,Calle 20 728,s/d,6600,2324,432700,cine-mercedes@hotmail.com,http://cinemercedes.com/,1,190,
289,6280040,6,6280,Salas de cine,Buenos Aires,General Alvarado,Miramar,Cine Atlántico,Calle 21 1564,s/d,7607,2291,420167,recepcion666@cinemacenter.com.ar,http://www.cineteatroatlantico.com.ar/,1,902,
290,6420040,6,6420,Salas de cine,Buenos Aires,La Costa,Santa Teresita,Yanel,Calle 32 372,s/d,7107,224,6520348,s/d,s/d,2,635,
291,6420040,6,6420,Salas de cine,Buenos Aires,La Costa,Santa Teresita,Atlántico,Calle 41 258,s/d,7107,224,6528800,cinesdelacosta@yahoo.com.ar,s/d,1,1107,
292,6441030,6,6441,Salas de cine,Buenos Aires,La Plata,La Plata,Cinema Paraíso,Calle 46 780,s/d,1900,221,4834074,fharari@hotmail.com.ar,http://www.cinemalaplata.com,4,603,
293,6175010,6,6175,Salas de cine,Buenos Aires,Colon,Colón,Cine Teatro Colon,Calle 48 Y 19,s/d,2720,2477,515644,cineteatrocolon@hotmail.com,http://cineteatrocolon.com.ar,1,270,
294,6441030,6,6441,Salas de cine,Buenos Aires,La Plata,La Plata,Cinema,Calle 49 621,s/d,1900,221,4259873,fharari@hotmail.com.ar,http://www.cinemalaplata.com,6,1613,
295,6441030,6,6441,Salas de cine,Buenos Aires,La Plata,La Plata,Cine Municipal Select,Calle 50 Esq 49 Y 6,s/d,1900,221,4271210,cineylocacioneslaplata@gmail.com,http://www.cultura.laplata.gov.ar/lugar/cine-municipal-select,1,174,si
296,6420010,6,6420,Salas de cine,Buenos Aires,La Costa,Las Toninas,Las Toninas,Calle 7 1564 Entre 36 Y 38,s/d,7106,2246,431050,s/d,s/d,1,245,
297,6441030,6,6441,Salas de cine,Buenos Aires,La Plata,La Plata,Cinema,Calle 7 923,s/d,1900,221,4839947,fharari@hotmail.com.ar,http://www.cinemalaplata.com,7,2184,
298,6581040,6,6581,Salas de cine,Buenos Aires,Necochea,Necochea,Cines Ocean,Calle 83 350,s/d,7630,s/d,s/d,pedroacostaesteves@hotmail.com,https://www.cinesocean.com.ar/,3,1620,
299,6056010,6,6056,Salas de cine,Buenos Aires,Bahia Blanca,Bahía Blanca,Cines Del Centro - Cine Visión,Chiclana 452,s/d,8000,291,4547575,s/d,http://www.cinesdelcentrobb.com.ar/,2,501,
300,6833100,6,6833,Salas de cine,Buenos Aires,Tres Arroyos,Tres Arroyos,Cine El Solar Del Tortoni,Colon 255,s/d,7500,2983,425097,cinetortoni@eternet.com,http://www.elsolardeltortoni.com.ar/,1,160,
301,6515010,6,6515,Salas de cine,Buenos Aires,Malvinas Argentinas,Tortuguitas,Cinemark,Constituyentes Y Au Panamericana Km 36.5,s/d,1667,s/d,57771000,iventura@cinemark.com.ar,https://www.cinemarkhoyts.com.ar,8,1905,
302,6357110,6,6357,Salas de cine,Buenos Aires,General Pueyrredon,Mar del Plata,Cinemacenter,Cordoba 1673,s/d,7600,223,4957271,hbroemser@cinemacenter.com.ar,http://www.cinemacenter.com.ar/,4,947,
303,6315010,6,6315,Salas de cine,Buenos Aires,General Juan Madariaga,General Madariaga,Espacio INCAA Gral. Madariaga,Dr. Carlos Madariaga 499,s/d,7163,2267,552861,casadelacultura@hotmail.com,https://www.facebook.com/Espacio-INCAA-Madariaga-888001574621995/,1,230,SI
304,6568010,6,6560,Salas de cine,Buenos Aires,Moreno,Haedo,Showcase,Dr. Luis Guemes 393,s/d,1706,s/d,44439700,naiarg@naiarg.com.ar,https://www.todoshowcase.com/,14,3890,
305,6861010,6,6861,Salas de cine,Buenos Aires,Vicente Lopez,Munro,Showcase,E. Echeverria 3750,s/d,1605,s/d,47565900,naiarg@naiarg.com.ar galberdi@naiarg.com.ar,https://www.todoshowcase.com/,17,4214,
306,6840010,6,6840,Salas de cine,Buenos Aires,Tres de Febrero,Villa Bosch,Víctor Show Cinemas,El Payador 5539,s/d,1682,s/d,48440561,julio.perazzelli@hotmail.com,https://www.facebook.com/VictorShowCinemas/,3,413,
307,6357110,6,6357,Salas de cine,Buenos Aires,General Pueyrredon,Mar del Plata,Cine Cristal,Entre Rios 1783,s/d,7600,223,4914733,consultoraad@live.com.ar,s/d,2,40,
308,6270010,6,6270,Salas de cine,Buenos Aires,Ezeiza,Ezeiza,Multiplex,Formosa 653,Piso 1,1804,s/d,50750446,ldominguez@cinesmultiplex.com.ar,https://www.multiplex.com.ar/,6,1132,
309,6035010,6,6035,Salas de cine,Buenos Aires,Avellaneda,Avellaneda,Atlas Cine,Guemes 897,s/d,1870,s/d,43135050,info@atlascines.com.ar,cineatlasweb.com.ar,6,1275,
310,6420020,6,6420,Salas de cine,Buenos Aires,La Costa,Mar de Ajó,California,Hipolito Irigoyen 18,s/d,7112,2257,422022,exhibidoraatlantica@yahoo.com.ar,https://www.facebook.com/Cine-California-MDA-241279462590816/,2,551,
311,6028010,6,6028,Salas de cine,Buenos Aires,Almirante Brown,Adrogué,Atlas Cine,Hipolito Yrigoyen 13200,s/d,1846,s/d,43135050,info@atlascines.com.ar,cineatlasweb.com.ar,10,2505,
312,6301010,6,6301,Salas de cine,Buenos Aires,General Belgrano,General Belgrano,Cine Teatro Español,Larrea 688,s/d,7223,2243,453060,cultura@belgranomun.gob.ar,https://www.facebook.com/CINE-ESPA%C3%91OL-General-Belgrano-1440074889579719/,1,378,
313,6847020,6,6847,Salas de cine,Buenos Aires,Tres Lomas,Tres Lomas,Cine Teatro Español,Monteverde 257,s/d,6409,2394,420855,rominaamutio@hotmail.com,https://www.facebook.com/cinetreslomas/,1,300,si
314,6658010,6,6658,Salas de cine,Buenos Aires,Quilmes,Quilmes,Showcase,Olavarria 180,s/d,1878,s/d,42576006,naiarg@naiarg.com.ar,https://www.todoshowcase.com/,8,1730,
315,6084020,6,6084,Salas de cine,Buenos Aires,Benito Juarez,Benito Juarez,Centro Cultural Atilio Marinelli,Otamendi Y Av. San Martin,s/d,7020,11,5313467,ccatiliomarinelli@gmail.com,https://www.facebook.com/Centro-Cultural-Atilio-Marinelli-de-Benito-Ju%C3%A1rez-1396556527284843/,1,350,
316,6791050,6,6791,Salas de cine,Buenos Aires,Tandil,Tandil,Cinemacenter,Panama 351,s/d,7000,2494,424251,centertandil@cinemacenter.com.ar,http://www.cinemacenter.com.ar/,4,758,
317,6638040,6,6638,Salas de cine,Buenos Aires,Pilar,Pilar,Village,Panamericana Ac. Norte Km 50,s/d,1629,230,4650505,village.pilar@village.com.ar,https://www.villagecines.com/,9,2675,
318,6756010,6,6756,Salas de cine,Buenos Aires,San Isidro,Martínez,Hoyts,Parana 3745,s/d,1640,s/d,41188118,rmazzutti@hoyts.com.ar,https://www.cinemarkhoyts.com.ar/,16,3427,
319,6868020,6,6868,Salas de cine,Buenos Aires,Villa Gesell,Villa Gesell,Atlantic,Paseo 105 Entre 3 Y 2,s/d,7165,2255,462323,cineatlanticgesell@gmail.com,http://cineatlantic.com.ar/,1,400,
320,6210020,6,6210,Salas de cine,Buenos Aires,Chacabuco,Chacabuco,Cine Teatro Español,Pueyrredon 29,s/d,6740,2352,442172,estudiodiazpalacio@gmail.com,http://cinemachacabuco.com.ar/,1,700,
321,6357110,6,6357,Salas de cine,Buenos Aires,General Pueyrredon,Mar del Plata,Cinemacenter,Rivadavia 3050,s/d,7600,223,4999200,gpaai@cinemacenter.com.ar,http://www.cinemacenter.com.ar/,2,487,
322,6511020,6,6511,Salas de cine,Buenos Aires,Maipu,Maipú,Cine Teatro Sociedad Italiana,Rivadavia 555,s/d,7160,2268,421649,marinagole@yahoo.com.ar,https://www.facebook.com/CineTeatroSociedadItalianaMaipu,1,450,si
323,6427010,6,6427,Salas de cine,Buenos Aires,La Matanza,Gonzalez Catán,Cpm Cinemas Catan Shopping,Ruta 3 Km 29 Bj Manuel De Rosas 14457,s/d,1759,s/d,49534489,cpmcinemas@gmail.com,https://cpmcines.com,6,1114,
324,6455030,6,6455,Salas de cine,Buenos Aires,Las Flores,Las Flores,Cine San Martin,San Martin 593,s/d,7200,2244,462332,estre-c@hotmail.com,http://www.cinesanmartin3d.com.ar/,1,0,
325,6434010,6,6434,Salas de cine,Buenos Aires,Lanus,Lanús,Zona Cines Coto Lanús,Warnes 2450,s/d,1824,11,42399300,maciro@coto.com.ar,https://www.zonacines.com.ar,8,2037,
326,6791050,6,6791,Salas de cine,Buenos Aires,Tandil,Tandil,Espacio INCAA Unicen,Yrigoyen 662,s/d,7000,249,4628324,martinezmcarla@yahoo.com.ar,https://www.unicen.edu.ar/content/funciones-espacio-incaa-unicen-ahora-tambi%C3%A9n-podes-seguirnos-en-instagram,1,430,si
327,10049030,10,10049,Salas de cine,Catamarca,Capital,Catamarca,Cine Teatro Catamarca,San Martín 555,s/d,4700,383,4439129,s/d,http://www.turismo.catamarca.gob.ar/?vh_accommodation=teatros-en-sfvc/cine-teatro-catamarca,1,1103,si
328,6427010,6,6427,Salas de cine,Buenos Aires,La Matanza,San Justo,Espacio INCAA Km 16 La Matanza,Av. Illia 2340,s/d,1754,11,35316634,"info@ccvb.org.ar
",http://www.ccvb.org.ar/cinespecioincaa.html,1,390,SI
